t,u,w,q,theta,theta_deg,V,Q,alpha_raw_deg,alpha_deg,Cx,Cz,Cm,X_cfd,Z_cfd,M_cfd,M_damp,M_bg,M_cable,T,M_thruster
0.0,0.0,0.0,0.0,0.0,0.0,0.0,0.0,0.0,0.0,-0.279712,0.001486,0.000662,-0.0,0.0,0.0,-0.0,0.6353863425000001,0.0,0.0,0.0
0.01,-1.2907292399171858e-06,0.0032795987702118256,0.03551198763274174,0.00017758663669769593,0.01017496478070104,0.0032795990242035517,0.0,0.0,0.0,-0.279712,0.001486,0.000662,-0.0,0.0,0.0,-0.0005729807392544893,0.6353863324809063,0.0,0.0,0.0
0.02,-1.0294060526702989e-05,0.006559368468968664,0.0709668852473469,0.0007100497353090844,0.040682853077591764,0.006559376546546359,0.0,0.0,0.0,-0.279712,0.001486,0.000662,-0.0,0.0,0.0,-0.0020459233157054182,0.6353861823284417,0.0,0.0,0.0
0.03,-3.494121275650515e-05,0.009837969016574022,0.10631353786401929,0.0015965628203203285,0.0914763113318584,0.00983803106619507,0.0,0.0,0.0,-0.279712,0.001486,0.000662,-0.0,0.0,0.0,-0.004410409075774411,0.6353855326961997,0.0,0.0,0.0
0.04,-8.306873030489316e-05,0.01311436266293236,0.14150155264719344,0.0028357913455976614,0.16247887568247063,0.01311462574642787,0.08578695827280661,90.3629169122982,89.6370830877018,-0.376215812994513,-5.110618575509593,-0.19621839725923076,-0.00018314114096890398,-0.0024878393853938097,-5.96992137091359e-05,-0.007652939114147861,0.6353837877045482,0.0,0.0,0.0
0.05,-0.00016226783714582077,0.016388675351453594,0.17648212040358857,0.004425902939870049,0.2535855589890972,0.016389478656330548,0.1339799293076985,90.56727943054621,89.4327205694538,-0.38064851776031916,-5.137717407352995,-0.2114029345721796,-0.00028939530938519885,-0.00390604783484497,-0.00010045195042302962,-0.011755185371416978,0.6353801193403567,0.0,0.0,0.0
0.06,-0.00028016875315097054,0.01966026361206614,0.21120683768223805,0.006364580658689429,0.3646636101134978,0.019662259784322202,0.1928307657743291,90.81643872767103,89.18356127232897,-0.38605288257867565,-5.170237118424354,-0.22962632514940923,-0.0004224260827081747,-0.0056573674518886775,-0.00015703831229613087,-0.01669407167689353,0.6353734734643725,0.0,0.0,0.0
0.07,-0.00044429774742440656,0.022928475462384464,0.24562852189553264,0.008649031185100044,0.49555298378326523,0.022932779759931698,0.2623148436021889,91.11011307017044,88.88988692982957,-0.3924227965372246,-5.207752868700751,-0.250643951648869,-0.0005841235223729555,-0.0077517692044294624,-0.00023317807539235011,-0.022442050948349668,0.6353625773752397,0.0,0.0,0.0
0.08,-0.0006620700482408335,0.02619260434259021,0.2797013370719301,0.011275994040461285,0.6460668683331,0.0262009705735542,0.34240825389558066,91.4479561917115,88.55204380828849,-0.3997507489806994,-5.249693216326933,-0.27412135241189317,-0.0007767139610492373,-0.010200131013496792,-0.0003328853697943529,-0.02896737680727375,0.6353459488634462,0.0,0.0,0.0
0.09,-0.0009407830952106655,0.029451883599540478,0.31338085037603114,0.014241744467815416,0.815991850909612,0.02946690551098156,0.4330903701509384,91.82958004691983,88.17041995308017,-0.4080283230497099,-5.295311256234565,-0.29961498939377956,-0.0010027586985262209,-0.013013604996597542,-0.00046020325038019977,-0.036234389183711635,0.6353219067455796,0.0,0.0,0.0
0.1,-0.0012875721967896638,0.032705479046944576,0.34662461832504626,0.017542143068100226,1.005090761416816,0.03273081425586715,0.5343466430128795,92.25449609889989,87.74550390110011,-0.4172449221835782,-5.343642764497667,-0.3265454272670172,-0.0012651492015540856,-0.016202726546112458,-0.00061883420356557,-0.0442039508525932,0.6352885823092873,0.0,0.0,0.0
0.11,-0.0017094054658268539,0.03595248816322283,0.37939225430418483,0.02117264143298079,1.2131029952536188,0.03599310311953217,0.6461718696023229,92.72214858584167,87.27785141415836,-0.42738849168633936,-5.393473669125908,-0.35417549421772826,-0.001567106354372682,-0.019776262167657967,-0.0008116600562899345,-0.05283383158306788,0.6352439320885378,0.0,0.0,0.0
0.12,-0.0022130838195645276,0.03919194009150664,0.41164542856665554,0.025128282144849468,1.4397445133138185,0.039254374382082104,0.7685738193093691,93.23193613233352,86.76806386766646,-0.43844598748476743,-5.4433037535480455,-0.38158613755171783,-0.0019121822690909705,-0.02373972899722914,-0.0010401256186411288,-0.06207908452370533,0.6351857518770955,0.0,0.0,0.0
0.13,-0.00280522249208767,0.04242278714144833,0.4433479775059591,0.029403732822859834,1.6847097926801589,0.04251543416312185,0.9015767490071092,93.78319693814927,86.21680306185073,-0.450403054867233,-5.491305330533875,-0.40764936720129313,-0.002304260795605675,-0.02809350303713984,-0.0013034581540975168,-0.07189245824874091,0.6351116912846091,0.0,0.0,0.0
0.14,-0.003492226964530989,0.045643946721706956,0.4744668645256869,0.033993309394849715,1.9476731600072992,0.04577734725282605,1.045227218599434,94.37518700335342,85.6248129966466,-0.46324355617753665,-5.535282373831959,-0.43100149098327784,-0.0027475632436872585,-0.03283054494975429,-0.0015977068633878325,-0.08222511428487678,0.6350192690673986,0.0,0.0,0.0
0.15,-0.004280302076737795,0.04885429461630045,0.5049720188765676,0.03889100706869443,2.228290566049642,0.04904144255957821,1.1995985697259928,95.00710556752074,84.99289443247926,-0.47695034131620206,-5.572635739218148,-0.4500198072576112,-0.003246659201302001,-0.0379336118060188,-0.0019145873551126703,-0.09302705702679419,0.6349058888268645,0.0,0.0,0.0
0.16,-0.005175432551492274,0.05205262472185562,0.5348359929903438,0.04409056696206758,2.526203403265416,0.05230928065390864,1.3647935511672258,95.67808176382002,84.32191823617995,-0.4932279876218809,-5.604883489404138,-0.4655757265001781,-0.0038198145109333095,-0.04340713792042457,-0.002253538121131352,-0.10424746038023269,0.6347688539758849,0.0,0.0,0.0
0.17,-0.006183382831998645,0.05523764884568287,0.5640339615425716,0.049585476499966155,2.841038528593186,0.0555826598252191,1.5409484742096893,96.38718251850781,83.61281748149219,-0.5129162583590096,-5.635104262252192,-0.47965201697369264,-0.004484997269673504,-0.04927398345957046,-0.0026213318834478576,-0.11583507695698537,0.6346053841440711,0.0,0.0,0.0
0.18,-0.007309697081881157,0.05840799670577624,0.5925437214526218,0.055368969414710534,3.1724082634518536,0.05886361992445614,1.7282373983525452,97.13341680946127,82.86658319053873,-0.5343905883921589,-5.663052471267599,-0.4923383517707752,-0.00524070603916085,-0.055536893670884775,-0.003017690418630345,-0.12773863441827477,0.6344126321083862,0.0,0.0,0.0
0.19,-0.008559701545161115,0.06156221612281508,0.6203456981443259,0.06143402918321322,3.5199105906816492,0.06215444428594327,1.9268763304024024,97.91573980449124,82.08426019550876,-0.555413213674143,-5.688602989599168,-0.5038706034716768,-0.00607292125695915,-0.062199524907605656,-0.0034433445487570377,-0.13990721985801194,0.6341877010710437,0.0,0.0,0.0
0.2,-0.009938413440354933,0.06469878062850533,0.6474229912048746,0.06777349013463455,3.883134947586081,0.06545765254366279,2.137126941398217,98.73297321915936,81.26702678084064,-0.5730844240891385,-5.711763119550656,-0.5146436313932414,-0.006949867494632879,-0.06926727576779092,-0.0039007178685153323,-0.15229066709277927,0.6339276580926477,0.0,0.0,0.0
0.21,-0.011450147191450086,0.0678160879226381,0.6737609017699412,0.07438001679101726,4.261661042237486,0.06877592348952397,2.359295435247012,99.58350150658518,80.41649849341479,-0.5838056235019281,-5.7326794601780025,-0.5252195167139241,-0.007815885739281627,-0.07674809189385955,-0.004394715858136117,-0.16483967973505062,0.6336295511234057,0.0,0.0,0.0
0.22,-0.01309872531974969,0.0709124539625245,0.6993470361228852,0.08124615225379933,4.655061625820003,0.07211208450730994,2.593734779738044,100.46553107285548,79.53446892714453,-0.5831833801338192,-5.751636155569938,-0.5361784374503469,-0.008583379304395726,-0.08465343222367713,-0.004932221000556575,-0.17750617380204867,0.6332904231098869,0.0,0.0,0.0
0.23,-0.014887547952022153,0.07398611374845565,0.7241713956098597,0.08836435275470589,5.0629044722498575,0.07546909375117193,2.8408462909874648,101.37717528662,78.62282471338,-0.5685671625201184,-5.768816190829617,-0.5470817579965811,-0.009165520010660535,-0.09299552228889127,-0.005511979422711978,-0.19024360809682775,0.632907325684929,0.0,0.0,0.0
0.24,-0.01681959282050117,0.07703522132370266,0.7482263766398114,0.09572698765574926,5.484752378175362,0.07885000968319096,3.1010799868686796,102.31646991796093,77.68353008203906,-0.5420983989020197,-5.78438085767388,-0.5575822953443734,-0.009539348018125473,-0.10178820336399387,-0.006132387098458953,-0.20300725771781455,0.6324773339601867,0.0,0.0,0.0
0.25,-0.018897415262885735,0.0800578497745167,0.7715067706844811,0.10332633944922906,5.9201631629769285,0.0822579577556909,3.374934216885075,103.28138710422274,76.71861289577726,-0.5070020692767396,-5.7985836971088744,-0.5673926524247226,-0.009709629185204896,-0.11104904873192926,-0.006791358200609734,-0.215754468556313,0.6319975611846889,0.0,0.0,0.0
0.26,-0.02112314822760045,0.083051991230465,0.79400976427539,0.11115460375796421,6.368689668780349,0.08569609465075066,3.662954529926691,104.26984853631937,75.73015146368061,-0.4672242755590598,-5.811764815122672,-0.5761986458885532,-0.009711460034354821,-0.12080006259006747,-0.007485337361137281,-0.22844489232382392,0.6314651732463895,0.0,0.0,0.0
0.27,-0.02349918082447539,0.08601557910037104,0.8157346007941246,0.11920396488089721,6.829884088901095,0.08916777078851741,3.9657495616986433,105.28015512289844,74.71984487710154,-0.42635741818008477,-5.8244501208147135,-0.5836600647068912,-0.009594596360386424,-0.1310713630103116,-0.008209049634405453,-0.24104050308195338,0.6308773972842056,0.0,0.0,0.0
0.28,-0.026026461652106765,0.08894634262848541,0.8366832585304184,0.12746668267332484,7.303302945714851,0.09267593308466068,4.283940210111342,106.30992789329169,73.69007210670833,-0.37172182574621193,-5.838276295259256,-0.5896028180537839,-0.009036267165908732,-0.14192393542254117,-0.008957989914587633,-0.2535061757422969,0.6302315268164463,0.0,0.0,0.0
0.29,-0.028705057851245327,0.0918419510050123,0.8568592048952022,0.1359350261120708,7.788503284222298,0.09622330440517214,4.618170897128372,107.35655271037369,72.6434472896263,-0.304958212415305,-5.852081965048064,-0.5946250487656615,-0.0079916772029688,-0.1533585525032161,-0.0097391446866153,-0.2658091191502926,0.6295249369169326,0.0,0.0,0.0
0.3,-0.031535567200412826,0.09470013094740382,0.8762664274446247,0.1446012969242015,8.285044025874798,0.09981285889156358,4.96915400106086,108.41798907264238,71.5820109273576,-0.23596366104951438,-5.863620384290414,-0.5995426934796108,-0.006653576927186796,-0.16533922691812364,-0.01056598983943309,-0.27791835723557323,0.6287550927794757,0.0,0.0,0.0
0.31,-0.03451911811590193,0.09751866670035998,0.8949094338800518,0.15345782958702556,8.792485968574377,0.10344786063769268,5.337679504945649,109.49266306638788,70.50733693361212,-0.17548731418398023,-5.870477923135023,-0.6052491452276146,-0.005315276006169805,-0.17780892365174503,-0.011457616873698787,-0.28980474458665334,0.6279195593666054,0.0,0.0,0.0
0.32,-0.03765736965177627,0.10029540003582876,0.9127932520480673,0.16249699132809411,9.31039178667373,0.107131903546224,5.724625878737026,110.57937809836844,69.42062190163153,-0.13258133427454483,-5.868798000143659,-0.6132318889948773,-0.004306823709486347,-0.1906443204204323,-0.01245028972869579,-0.30144097786137386,0.6270160105903798,0.0,0.0,0.0
0.33,-0.040952221413053214,0.10302841521406556,0.9299228932176378,0.1717112138895708,9.838327850940567,0.11086901632189955,6.130979370750378,111.67706513259253,68.32293486740747,-0.09987760123810259,-5.852785150074875,-0.625524059574423,-0.0034747659613316184,-0.2036198143163745,-0.013601333552639821,-0.31280124384888064,0.6260422345729127,0.0,0.0,0.0
0.34,-0.04440446057287588,0.10571591202872811,0.9463018587646382,0.18109295228349695,10.37586186540838,0.11466302880542564,6.557771576808725,112.78414604835574,67.21585395164425,-0.07143292774190595,-5.82822268075412,-0.6390687922242047,-0.0026581674512149334,-0.2168802584207209,-0.014863172316653586,-0.3238601742228272,0.6249961456678027,0.0,0.0,0.0
0.35000000000000003,-0.048013965760947803,0.1083554869243542,0.9619388787556798,0.19063471191806647,10.922564421597503,0.11851688679132338,7.005996822485166,113.89886110991503,66.10113889008494,-0.04231268908176959,-5.802673890912312,-0.6500407785039599,-0.0016821633365547081,-0.2306883699689389,-0.016151696875606466,-0.33459739884052964,0.6238757892025223,0.0,0.0,0.0
0.36,-0.05177978083161735,0.11094450820756566,0.9768506343513992,0.20032920625416314,11.478018031569324,0.12243295963256352,7.476634704991913,115.01930093912533,64.98069906087466,-0.007380664205997778,-5.784025403645472,-0.6544715343000961,-0.00031313326732740544,-0.2453940082352484,-0.017354197754792734,-0.34499971954072006,0.6226793282662794,0.0,0.0,0.0
0.37,-0.05570010883572532,0.11348012811511195,0.9910617671109672,0.2101693598516181,12.041817302463967,0.12641298035144125,7.970632896034109,116.1434570869332,63.85654291306679,0.03811683353315619,-5.773941050509064,-0.6441389973341319,0.0017239998475116485,-0.26115163742444875,-0.018208745163314416,-0.35506147478429595,0.6214050446983217,0.0,0.0,0.0
0.38,-0.05977231202060482,0.11595928281387018,1.0046048789920887,0.2201483083692096,12.613568936500288,0.13045798003570216,8.488887259983015,117.26927126663796,62.73072873336207,0.09121595248706323,-5.766851856448212,-0.620976380124664,0.004393889831362635,-0.2777903539911644,-0.018695344178784896,-0.36478483956482616,0.6200513397093984,0.0,0.0,0.0
0.39,-0.06399315299185934,0.11837863581623603,1.017517229400781,0.23025945728557098,13.192895095436072,0.13456829138973475,9.03222905553079,118.39478028761305,61.60521971238694,0.14565941961386622,-5.759491549284788,-0.5956378487060258,0.007465538134002022,-0.2951934307278728,-0.019080284531880216,-0.3741776536839084,0.6186167253397242,0.0,0.0,0.0
0.4,-0.06836103493610474,0.12073549096954454,1.0298060309365866,0.2404966018256549,13.779440271848275,0.13874541389607192,9.601669210090918,119.5187547544518,60.481245245548166,0.19521997145628386,-5.748592110945853,-0.5787695517344814,0.010636496099499054,-0.31321015523956747,-0.01970879321929152,-0.38322776381060764,0.6170998038091526,0.0,0.0,0.0
0.41000000000000003,-0.07287509610382777,0.1230287759466799,1.0414626502820117,0.2508534322636256,14.372842945076624,0.1429925149897032,10.19849472657136,120.64003528203241,59.359964717967614,0.23565469720474896,-5.725282093968897,-0.5768483561253647,0.013637657423124368,-0.33132985157710015,-0.020864373698158863,-0.39191224041166,0.6154993385783217,0.0,0.0,0.0
0.42,-0.077534053526082,0.12525784176074917,1.0524855257876138,0.26132365313061084,14.972742411324685,0.14731278416602622,10.824063751119231,121.75732550201663,58.24267449798339,0.2721060131571903,-5.666808658405938,-0.5773813339899859,0.016713064183561357,-0.3480619032449963,-0.022164640863224887,-0.40021407038589113,0.6138142430450731,0.0,0.0,0.0
0.43,-0.08233620711931539,0.1274223812460621,1.0628804294561445,0.271901006958111,15.578780144056989,0.15170930836705965,11.479789459083761,122.86923258853646,57.13076741146352,0.30545537583380505,-5.5813738055482105,-0.5781094404535805,0.019897994034394295,-0.3635822168241963,-0.02353702682014497,-0.40812265954113647,0.6120435806206264,0.0,0.0,0.0
0.44,-0.08727943968537,0.12952242905813108,1.0726604669425486,0.2825792742779989,16.190599793999038,0.15618501919489824,12.167131919865968,123.97428839646643,56.02571160353358,0.33570390985614224,-5.480638215813554,-0.5787367478143396,0.02317780029542703,-0.3783963615796054,-0.024973355184881998,-0.41563409610616997,0.6101865677085581,0.0,0.0,0.0
0.45,-0.09236126958311551,0.13155796220566132,1.0818457081073456,0.29335231473661444,16.807849544801392,0.16074234519475927,12.887541204529118,125.07106644223984,54.92893355776016,0.362864716075582,-5.3758183514853455,-0.5789799656853227,0.026536424620042395,-0.39313549137006054,-0.026463130636685893,-0.42275107822951935,0.6082425687395315,0.0,0.0,0.0
0.46,-0.09757952543203313,0.13352844336039,1.090451153798599,0.3042142904108508,17.430194908108902,0.16538321852530768,13.64244919775618,126.15847846653354,53.84152153346645,0.38624505157034544,-5.2497435683519456,-0.5789708916144807,0.02990080453882368,-0.4064040579369069,-0.028012811092092624,-0.42947363396742844,0.6062110545127914,0.0,0.0,0.0
0.47000000000000003,-0.10293203279602033,0.13543594235117906,1.0984836343059288,0.31515940315369284,18.057303674568608,0.17011142776448884,14.433659161600971,127.23502614601593,52.76497385398409,0.4066703573851952,-5.096515735948634,-0.5789461351072451,0.03330784717495345,-0.41742399999155283,-0.02963617989437224,-0.4357964408982893,0.6040916469717443,0.0,0.0,0.0
0.48,-0.10841606621120677,0.1372815702934706,1.1059542536325524,0.32618199520776153,18.68885167856118,0.1749293370334258,15.262819444608374,128.29938692625277,51.70061307374726,0.4260233977081187,-4.93352994835628,-0.5789062817658873,0.03689740461680718,-0.42728744870100943,-0.031336511428184805,-0.441718443862914,0.6018841000246324,0.0,0.0,0.0
0.49,-0.11402834166495533,0.13906503281527238,1.1128790856536028,0.3372765772015857,19.324524402269144,0.1798375546285385,16.13133251197249,129.35052445609094,50.649475543909034,0.44607225652185595,-4.777080950871985,-0.5788519672741677,0.040832226030318546,-0.4372808357822109,-0.033116571951436885,-0.4472434900908451,0.5995882912605394,0.0,0.0,0.0
0.5,-0.11976501659586196,0.1407846300571577,1.119279174116129,0.3484378281496021,19.964016975676873,0.184834983865441,17.040322667316694,130.38770219423964,49.61229780576036,0.46830399519346544,-4.640619776599936,-0.5780158528131243,0.04528280044638951,-0.4487261724182613,-0.0349321391479018,-0.4523803986741499,0.5972042182509193,0.0,0.0,0.0
0.51,-0.12562168989375574,0.1424372566722654,1.1251805326390962,0.35966059545215534,20.60703417657059,0.18991888020964043,17.990604163739103,131.41049029208114,48.589509707918864,0.4920673680005419,-4.516215662826245,-0.5696479800112595,0.050234017640057374,-0.4610499944236643,-0.036346276619583145,-0.4571430035045311,0.5947319945020569,0.0,0.0,0.0
0.52,-0.1315935681389458,0.14401916124066863,1.130617429348047,0.37093995303338445,21.25329376159391,0.19508558629484926,18.982780788299923,132.4186522857475,47.5813477142525,0.5167177554597218,-4.3980921477980806,-0.5552027662259257,0.055659694456517785,-0.47375276454407256,-0.03737825921771202,-0.46155284283563813,0.5921718316932824,0.0,0.0,0.0
0.53,-0.13767628674867394,0.14552937125540705,1.135622411359271,0.3822714829499011,21.90254260123654,0.20033361632760785,20.017836041673814,133.41163721409612,46.58836278590388,0.5419278958008407,-4.28410387618777,-0.5382397461777265,0.06155824575194192,-0.4866365457114833,-0.03821206523206894,-0.4656310702332981,0.5895239663145616,0.0,0.0,0.0
0.54,-0.14386531582578002,0.14696697613167164,1.1402056373701859,0.39365095084336754,22.554538084636796,0.20566118051528046,21.096679977901427,134.38897669590312,45.611023304096875,0.5673949175374252,-4.1722754486941955,-0.5220230413304451,0.06792461047992897,-0.49947607197033295,-0.039058126280250315,-0.4693813708968967,0.5867887224505266,0.0,0.0,0.0
0.55,-0.15015585274453186,0.14833099934086608,1.14437616862414,0.40507419772662356,23.209041919383335,0.21106602161147955,22.220105397997262,135.35028375584173,44.6497162441583,0.5930668491649028,-4.06138662028598,-0.5091943996544055,0.07477860580870221,-0.5120920677706894,-0.040127060871564854,-0.47280704863929046,0.5839665332026871,0.0,0.0,0.0
0.56,-0.1565428388209864,0.14962048694213298,1.148143167026518,0.41653714434179123,23.865820381216217,0.21654549290838246,23.38879051583371,136.29523671982525,43.704763280174745,0.620639196095543,-3.9555450826217182,-0.4980066522347944,0.08237104281368979,-0.5249787241957493,-0.04130955586877286,-0.4759119699237447,0.5810579373134103,0.0,0.0,0.0
0.5700000000000001,-0.16302095931298988,0.15083450758235412,1.1515158951447413,0.428035791160275,24.52464431402687,0.2220965597503454,24.603286794049716,137.22357661349002,42.776423386509975,0.6490844403027693,-3.8532622669075223,-0.48734609809265717,0.0906195555671711,-0.5379591505044126,-0.042524404448009326,-0.478700538595109,0.5780635765733135,0.0,0.0,0.0
0.58,-0.16958465215605692,0.1519721364225455,1.1545037345527704,0.43956621826691206,25.18528912322041,0.2277157976419809,25.864005704019267,138.13510872537643,41.864891274623574,0.6767604533062581,-3.751496128783685,-0.47689544205416345,0.09932495120630955,-0.5505894561682909,-0.043744814248094156,-0.48117768601105987,0.5749841930797399,0.0,0.0,0.0
0.59,-0.17622920204225423,0.15303238099000624,1.157118667919846,0.4511246080394161,25.84753607515207,0.23340017413001235,27.171387597414302,139.02988882424535,40.97011117575465,0.7022032118162167,-3.6475003477678434,-0.46636747012549806,0.10826852734149314,-0.5623863355865221,-0.044941512603477556,-0.4833509114533967,0.5718206200160258,0.0,0.0,0.0
0.6,-0.1829510244991116,0.15401764223462122,1.159375843012481,0.46270733752080445,26.511177589677374,0.2391495588220608,28.52650947463746,139.90759168796336,40.09240831203664,0.7241025198334404,-3.5388853997043563,-0.45551128206532154,0.11721313814452147,-0.572852395719588,-0.046084554127943045,-0.48523074772550107,0.5685737516077166,0.0,0.0,0.0
0.61,-0.1897464150190349,0.15493104614446332,1.1612898656193598,0.47431092876772873,27.17601439532108,0.24496393830928187,29.93048659575453,140.7678006501638,39.23219934983621,0.7429860227139181,-3.421730986324345,-0.444294158203887,0.12618915190749116,-0.5811486596243931,-0.04716197656082011,-0.4868276558956083,0.5652445505099832,0.0,0.0,0.0
0.62,-0.19661164901212974,0.15577510796053778,1.1628748315155508,0.48593202870098984,27.841854374796704,0.25084262952573694,31.38427898446484,141.61026864599927,38.38973135400073,0.7607124557710414,-3.2961284335977203,-0.4329368364102993,0.13547535054715035,-0.5870078130079694,-0.04818860039731679,-0.4881520109607199,0.5618340483077375,0.0,0.0,0.0
0.63,-0.2035429818062015,0.15655173217678198,1.1641443264625058,0.49756740910553743,28.5085125650065,0.25678432641053184,32.88868352199649,142.43490836870103,37.56509163129897,0.7769800826314912,-3.167626299492377,-0.4214811670938761,0.1450053334041679,-0.5911640696143198,-0.04916231004840643,-0.4892140643999396,0.5583433406082943,0.0,0.0,0.0
0.64,-0.21053664864675528,0.15726221254006567,1.1651114262080606,0.5092139666304704,29.17581115704149,0.2627871456452999,34.44432684436598,143.2417821486002,36.75821785139976,0.7915134504677827,-3.0411582721077908,-0.40996236092424204,0.15470473326712247,-0.5944075606440867,-0.0500805747985566,-0.4900239099036407,0.5547735820559,0.0,0.0,0.0
0.65,-0.2175888646969959,0.15790723205019083,1.1657886964864355,0.5208687227890363,29.84357949618142,0.2688486711402539,36.05165900501605,144.03109171339793,35.96890828660207,0.8040819834589525,-2.9210364835231775,-0.3984111431004788,0.1644951835527796,-0.5975714447108237,-0.050940634367797936,-0.4905914521048013,0.5511259812828583,0.0,0.0,0.0
0.66,-0.22469630799719906,0.15848624371347556,1.1661873510216412,0.532528805909006,30.511653047727417,0.2749660347642583,37.71095822941553,144.80333143117272,35.19666856882725,0.8144973725167061,-2.81097467828881,-0.3868513266282717,0.17429497079177322,-0.6015228114670353,-0.05173914839274878,-0.49092567212022037,0.5474018016342566,0.0,0.0,0.0
0.67,-0.23185571198077226,0.15899675315723,1.1663207494526533,0.5441915094921478,31.179876740753546,0.28113526760734225,39.42213367764028,145.55933337316236,34.44066662683764,0.8233101453508765,-2.71217866734799,-0.3750865630820394,0.18417521848011573,-0.6067168022119325,-0.05244200051363181,-0.49103753477927453,0.5436023374111816,0.0,0.0,0.0
0.68,-0.23906255517317468,0.15943720129168473,1.1662054992157616,0.5558543275912913,31.848106995063258,0.2873519208943145,41.18486773213059,146.29961910350426,33.700380896495744,0.8319467534085144,-2.620336147103657,-0.3627933841103959,0.19442889466255697,-0.6123818124638326,-0.05299130952077019,-0.4909408897306274,0.5397288955732754,0.0,0.0,0.0
0.6900000000000001,-0.24631264396570296,0.1598065901899411,1.1658558094029101,0.56751485357321,32.51620592072984,0.29361209928323956,42.998901687676366,147.0246652399732,32.97533476002684,0.8400000098526641,-2.5337477682313003,-0.3503106001577393,0.20495770721046752,-0.618227532303736,-0.0534217682869779,-0.49064770959599213,0.5357828227886536,0.0,0.0,0.0
0.7000000000000001,-0.2536021617174143,0.1601044462611377,1.1652833561404192,0.5791707775552125,33.1840411712239,0.2999124707982832,44.8640541059394,147.73490965233862,32.265090347661385,0.847032816307725,-2.451064662127458,-0.3379652648531948,0.21563852495635663,-0.6239946766381208,-0.0537747252794681,-0.4901679534662452,0.5317655020074699,0.0,0.0,0.0
0.71,-0.2609276687551264,0.16033082025045065,1.1644972825889843,0.5908198864051423,33.85148594341337,0.3062502575413893,46.78023416799587,148.43074660739575,31.569253392604253,0.8526623756066475,-2.3710859315505526,-0.32604666357436984,0.22634301239084959,-0.6294152852738256,-0.05409408381079842,-0.48950955085323733,0.5276783482225974,0.0,0.0,0.0
0.72,-0.2682861023734179,0.16048628723909336,1.163504198943676,0.6024600637413775,34.518418977563485,0.3126232254943782,48.7474548229304,149.1125231266243,30.887476873375704,0.8565552342747991,-2.2927458136660315,-0.3148099088006447,0.23693810960763845,-0.634213460105452,-0.054426192915137644,-0.4886783925128339,0.5235228042370264,0.0,0.0,0.0
0.73,-0.2756748209004574,0.16057194761458046,1.1623079748249558,0.6140892824907259,35.18472413093556,0.3190297121574084,50.76585796176617,149.780540191129,30.219459808870965,0.8584231244953345,-2.215102096389881,-0.304478946016804,0.2472866885791511,-0.6381063681188918,-0.054819695085414996,-0.48767815405267345,0.5193003391713767,0.0,0.0,0.0
0.74,-0.2830917950070743,0.16058934705649341,1.1609094298112603,0.6257054853934232,35.850283531227724,0.32546874318182734,52.83576987772874,150.4350790622878,29.564920937712202,0.8584918180049171,-2.137594862185916,-0.29500522936242557,0.2573900775451989,-0.6408863728216689,-0.05527966113752103,-0.4865100416333849,0.5150124889612424,0.0,0.0,0.0
0.75,-0.2905337910073675,0.16054004065551528,1.1593153080144651,0.6373067231995784,36.51498549464803,0.3319382297518428,54.957126031075404,151.07630968500052,28.923690314999476,0.8581890428403505,-2.060918902057035,-0.28576610980251627,0.2676298674130916,-0.6427062395030674,-0.055698353057851514,-0.4851802849366882,0.5106608037186077,0.0,0.0,0.0
0.76,-0.2979972433689006,0.1604254378592284,1.1575326008573055,0.6488911113853387,37.17872204593331,0.33843563371457935,57.129659165868844,151.70440414047428,28.295595859525747,0.8576549524796131,-1.9855559042506874,-0.27684536570860696,0.278036513021869,-0.6436819824006879,-0.056092721135510254,-0.4836953727836992,0.5062468598174983,0.0,0.0,0.0
0.77,-0.30547860996868853,0.16024680797043747,1.1555666686258474,0.6604567902779513,37.841386633683555,0.34495828822209273,59.352994415520506,152.3195659116432,27.680434088356833,0.8569143808768052,-1.911886594421313,-0.2683691418297601,0.2886075353589329,-0.6439206649060154,-0.05649146396532913,-0.4820604812958045,0.5017722722176357,0.0,0.0,0.0
0.78,-0.312974372093197,0.16000528014716975,1.1534212404694875,0.6720019250557635,38.502874130361896,0.3515034100291279,61.62664873871647,152.9220268125635,27.0779731874365,0.8559902456865827,-1.8402401078183612,-0.2604468003902654,0.2993401469497947,-0.643532735417348,-0.05692397189562385,-0.4802794771388454,0.49723869241500146,0.0,0.0,0.0
0.79,-0.3204810344383431,0.1597018434026749,1.151098414400953,0.6835247057482222,39.16308083229461,0.3580681111477018,63.95003063471811,153.5120441362472,26.487955863752802,0.8549036252592956,-1.770898246723657,-0.2531723678295076,0.31023123086072296,-0.6426314342082066,-0.057420196975309465,-0.47835492413970215,0.4926478063797827,0.0,0.0,0.0
0.8,-0.3279951251094946,0.159337346605425,1.1485986572963023,0.6950233472358749,39.82190445967114,0.36464940987042654,66.32244012963623,154.08989801516557,25.910101984834455,0.8536738430407445,-1.704099690843645,-0.246625963168614,0.32127732219344035,-0.6413322721412996,-0.058010540029519636,-0.4762880931228241,0.48800133248495653,0.0,0.0,0.0
0.81,-0.3355131784547299,0.15891249592113071,1.1459207964733484,0.7064960890944614,40.479244147611226,0.3712442245701323,68.74306287485899,154.65588821048198,25.344111789518024,0.8523185589957024,-1.6400441991251533,-0.24087519915954692,0.332474563054163,-0.6397525581704474,-0.05872575147072934,-0.47407896794155807,0.4833010194930308,0.0,0.0,0.0
0.8200000000000001,-0.34303104215692065,0.15842775455232644,1.143061684575849,0.7179411512807946,41.134997907152886,0.37784871217956434,71.21071706056145,155.2103018146951,24.78969818530493,0.8505616269211045,-1.5787909739049761,-0.23595379848443465,0.34369937700071285,-0.6379660884887552,-0.05959090071580894,-0.47172598620074335,0.47854866300217996,0.0,0.0,0.0
0.8300000000000001,-0.350548839985652,0.15788414790603097,1.1400196823513944,0.7293566926078897,41.78906024605261,0.38446312355712314,73.72569008367869,155.75361303550918,24.246386964490853,0.8457394046551499,-1.5193598625210587,-0.2316283855232007,0.3538205166716162,-0.6356339655079868,-0.06056451504929603,-0.4692289173493818,0.47374612215656037,0.0,0.0,0.0
0.84,-0.3580681936610017,0.15728293201099483,1.1367948714712108,0.7407408842407908,42.441326379785984,0.39108918677665816,76.28885256473329,156.28631908886092,23.71368091113908,0.8378637913141034,-1.461562250204691,-0.22774698700773288,0.36271215178112887,-0.6327118968852482,-0.061619949876998814,-0.46658902334350516,0.46889528833140454,0.0,0.0,0.0
0.85,-0.3655900959553396,0.1566252853280305,1.1333881965954988,0.7520919154605923,43.09169256180184,0.3977280456099637,78.90088935627686,156.80884885283706,23.19115114716294,0.8276855453370038,-1.405484707229015,-0.22421852461870165,0.37057393541254247,-0.6292679654178756,-0.06274238260566943,-0.4638083405568955,0.4639980807977295,0.0,0.0,0.0
0.86,-0.37311491069332714,0.1559123087500125,1.129801465373432,0.7634079936644392,43.740056083522255,0.4043802475411586,81.56227553320288,157.3215726999635,22.678427300036503,0.8158794764035456,-1.351204073140003,-0.2209612851061568,0.3776095267812384,-0.625371204203343,-0.06391652253720943,-0.46088966858629177,0.45905644473156254,0.0,0.0,0.0
0.87,-0.3806423727519178,0.1551450256018774,1.1260373484431587,0.7746873443655271,44.38631527434252,0.41104573334754024,84.27325244512411,157.82481119623552,22.175188803764513,0.8030527510077454,-1.2987880465498005,-0.21790187679364978,0.3840267084969177,-0.6210915757722756,-0.06512659069979883,-0.45783655738834556,0.45407234922518447,0.0,0.0,0.0
0.88,-0.3881715880603569,0.15432438164062381,1.1220993794318,0.7859282111931016,45.03036950163115,0.41772382808030034,87.03380381984225,158.318842801852,21.681157198147957,0.7897517239641242,-1.248295624428522,-0.21497436629821118,0.39003730571274015,-0.616499904097988,-0.06635631496898362,-0.45465329278741934,0.449047785303233,0.0,0.0,0.0
0.89,-0.39570103360018166,0.15345124505531232,1.1179919549554511,0.7971288558924592,45.672119170729914,0.42441323330131636,89.84363192096154,158.8039106883667,21.196089311633273,0.7764676143743625,-1.1997774426370078,-0.21211955738280655,0.3958569250041826,-0.6116677635220502,-0.06758893912985664,-0.45134488041199666,0.44398476394645725,0.0,0.0,0.0
0.9,-0.40322836140323,0.15252637150248366,1.1137206062376614,0.8082875630212439,46.31146599403183,0.43111182475507154,92.70204961588523,159.28022390074187,20.719776099258127,0.7636414096561593,-1.1532765265944476,-0.20928441071615445,0.40170423226804136,-0.6066670244047827,-0.06880719182241588,-0.44791724568673963,0.4388853119681274,0.0,0.0,0.0
0.91,-0.4107492897117174,0.151550224379569,1.1092930656415343,0.8194027277351392,46.94831802073076,0.4378155427896297,95.6074680069138,159.74793594396235,20.252064056037625,0.7516685610191819,-1.1088309828470861,-0.20642169356432566,0.40779866826539707,-0.6015680601611777,-0.06999302626685863,-0.4443780614151159,0.4337514291883292,0.0,0.0,0.0
0.92,-0.4182617085865814,0.15052371131786707,1.1047132346923825,0.8304728299637311,47.58258815720744,0.4445224904756462,98.55914877112058,160.20724842386474,19.792751576135288,0.7407011962913673,-1.0663904464983054,-0.20351716843651252,0.41425483915659295,-0.5964043329538651,-0.07113864900785576,-0.4407319129450212,0.428585096406683,0.0,0.0,0.0
0.93,-0.4257641129020376,0.14944785899182364,1.0999842940305253,0.8414963792320492,48.2141910055366,0.4512313623768842,101.55656911540184,160.65836893300246,19.341631066997536,0.7295598756771842,-1.0254212670950067,-0.20073734103888977,0.4204327724993735,-0.5909325891920852,-0.07230091700732157,-0.4369828148320096,0.42338829813523715,0.0,0.0,0.0
0.9400000000000001,-0.4332549819974213,0.14832369785489208,1.0951096665466147,0.8524719179685598,48.843043053021006,0.4579408245296931,104.59915828586642,161.1014959236751,18.89850407632491,0.7181188302128538,-0.9858047817095223,-0.19808666274045064,0.4262379406377924,-0.585122381350465,-0.07348370461306222,-0.43313497779904087,0.41816301898031577,0.0,0.0,0.0
0.9500000000000001,-0.4407327796771879,0.14715226213953359,1.0900930173816348,0.863398021505165,49.46906267219144,0.46464951451041314,107.68629662793857,161.53681929883757,18.4631807011624,0.7065193621252479,-0.9475274269814595,-0.19553186412880644,0.4317298829713663,-0.5790016906717789,-0.07467678288707122,-0.42919280102487567,0.4129112415694787,0.0,0.0,0.0
0.96,-0.4481959542109122,0.14593458985721697,1.084938253926902,0.8742732980772032,50.092170120806735,0.4713560415310535,110.8173146803479,161.96452095418078,18.035479045819216,0.6948892379295782,-0.9105741502697047,-0.19304283073910442,0.43696918141812197,-0.5725989400114703,-0.07586979615092641,-0.4251608641436384,0.4076349445221451,0.0,0.0,0.0
0.97,-0.45564293833328945,0.14467172279841878,1.0796495258240646,0.8850963888234493,50.71228754185373,0.4780589865596675,113.99149230397634,162.38477527587702,17.61522472412298,0.6833437622409461,-0.8749285765759297,-0.19059235268665592,0.44201730665444783,-0.5659429328290854,-0.07705228599659913,-0.42104391897779886,0.40233610046585305,0.0,0.0,0.0
0.98,-0.46307214924413415,0.14336470653262323,1.0742312249651038,0.8958659677861144,51.32933896354732,0.4847569024622206,117.20805784653925,162.7977495980303,17.202250401969707,0.6719867606362984,-0.8405731603404879,-0.18815589552137094,0.44693646203340076,-0.5590627916643498,-0.07821371563873902,-0.4168468810282968,0.3970166740999835,0.0,0.0,0.0
0.99,-0.4704819886083808,0.14201459040832234,1.0686879854923323,0.9065807419108454,51.94325029933039,0.4914483141630869,120.46618734409046,163.2036046234715,16.796395376528494,0.6609114804486989,-0.8074893236279495,-0.18571139023432287,0.4517894255644302,-0.5519878962060172,-0.07934349454954082,-0.41257482074700463,0.391678620308631,0.0,0.0,0.0
1.0,-0.4778708425560838,0.14062242755301577,1.0630246837983959,0.9172394510467257,52.55394934787386,0.49813171882160306,123.76500376034564,163.60249481117606,16.39750518882397,0.6502014173694398,-0.7756575820397349,-0.18323904058087678,0.45663939032247586,-0.5447478210592377,-0.0804310033195682,-0.40823295461819376,0.3863238823241622,0.0,0.0,0.0
1.01,-0.4852371890497248,0.1391891260430079,1.0572460569033222,0.9278408798339537,53.16136647419052,0.5048056481909594,127.10360757133508,163.9945883308678,16.005411669132172,0.6399305692906365,-0.745056147496601,-0.18072101772474816,0.4615495526857268,-0.5373713151162611,-0.08146558089128789,-0.4038263458523711,0.38095438389776914,0.0,0.0,0.0
1.02,-0.4925788255427329,0.13771548326989505,1.0513579410117955,0.9383839276871528,53.765438619383296,0.5114679400561866,130.4807063188658,164.38003887593285,15.619961124067117,0.6301649369502065,-0.7156633587523648,-0.1781414639260153,0.46658216526788343,-0.5298862884145985,-0.08243638400135872,-0.3993608399191711,0.37557199146459924,0.0,0.0,0.0
1.03,-0.49989278913816204,0.1362026592768958,1.0453679588394624,0.9488675776328396,54.3661075151637,0.5181157834175959,133.89461509786486,164.7589361756021,15.241063824397884,0.6209643324610857,-0.6874613613145316,-0.1754867067217965,0.4717993812237124,-0.5223228258504409,-0.0833326039397754,-0.39484355399649296,0.37017852696914827,0.0,0.0,0.0
1.04,-0.5071763224405605,0.13465183348920784,1.039283467644838,0.9592908710974997,54.963318239315015,0.5247465467312165,137.3436689279038,165.13137541952432,14.868624580475682,0.6123875331441357,-0.660392440864432,-0.1727421973417682,0.4772682959235292,-0.5146812399558819,-0.08414236257401389,-0.3902812994558112,0.3647757784632503,0.0,0.0,0.0
1.05,-0.5144268931344409,0.13306419328026656,1.0331115117651692,0.9696529079027043,55.55701921541247,0.5313577965112412,140.82623897554052,165.4974576990328,14.502542300967207,0.6044998779626836,-0.6340205464792784,-0.1698797583277803,0.48306703153654657,-0.5066575436758496,-0.08484628529839486,-0.38568054709918287,0.3593654981788613,0.0,0.0,0.0
1.06,-0.5216421939842796,0.131440933971745,1.0268588226164366,0.9799528462651107,56.14716221282324,0.5379473000844017,144.34074102454244,165.85728870046125,14.142711299538746,0.5972025025537391,-0.60827902815014,-0.16691498157770682,0.4891455984139239,-0.498217954470756,-0.08544602563509186,-0.38104742937868463,0.35394940068447067,0.0,0.0,0.0
1.07,-0.5288201428345172,0.12978325883355377,1.0205318186933519,0.990189902796462,56.73370234670651,0.5445130280727692,147.88564390366307,166.21097753467265,13.78902246532732,0.5903733427184942,-0.5832263874942268,-0.16387223104872248,0.49542778159019724,-0.489430220528956,-0.08594863836380151,-0.37638774325009233,0.3485291611276429,0.0,0.0,0.0
1.08,-0.5359588826095582,0.1280923790838411,1.0141366055693606,1.000363352503587,57.31659807801338,0.5510531566259689,151.45947785417152,166.55863569050064,13.441364309499363,0.5839009966415566,-0.558913687514922,-0.160773764973176,0.5018376862264236,-0.48036217330683784,-0.08636131669164894,-0.3717069536080131,0.3431064135635252,0.0,0.0,0.0
1.09,-0.5430567813137714,0.12636951388899287,1.0076789758966396,1.0104725287884009,57.895811213486944,0.5575660694226414,155.06084282110666,166.90037610068956,13.099623899310473,0.577684021424059,-0.5353851694731206,-0.15763987662217338,0.508299983737134,-0.47108153046269496,-0.08669136559923447,-0.3670101972521268,0.3376827493689593,0.0,0.0,0.0
1.1,-0.5501124320314896,0.12461589036363259,1.0011644094060994,1.0205168234479036,58.471306905662246,0.5640503594597925,158.6884166539964,167.23631230978364,12.76368769021633,0.5716302553806748,-0.512678833241075,-0.15448903012858786,0.5147401377323937,-0.4616557132009277,-0.08694617707207443,-0.362302287336658,0.3322597157416551,0.0,0.0,0.0
1.11,-0.5571246575171224,0.12283274254354991,0.9945980694013589,1.0304956865229673,59.04305364420233,0.5705048349088209,162.34096562973554,167.56655793423394,12.43344206576603,0.5656561666474009,-0.4908269670219771,-0.15133798862644288,0.5210846155634831,-0.4521516718092558,-0.08713320727474463,-0.3575877157485914,0.32683881436609874,0.0,0.0,0.0
1.12,-0.5640931472583286,0.1210210434087632,0.9879840390914789,1.040408608819145,59.61102225441446,0.5769290872642426,166.01767873984943,167.89126527540282,12.108734724597184,0.5596855070362529,-0.4698541505852635,-0.14820155680846775,0.5272614245423043,-0.44263423949738545,-0.08725990196709532,-0.3528701155788244,0.32142150966314453,0.0,0.0,0.0
1.1300000000000001,-0.5710174382760411,0.11918143440070907,0.9813254847450212,1.0502551507251827,60.17518754842911,0.5833224915268936,169.71761123560822,168.21060733339615,11.789392666603817,0.5536489436998004,-0.44977915589340933,-0.1450928570363467,0.5331985828779428,-0.43316547653424087,-0.08733343872258872,-0.3481524002545346,0.3160092119303208,0.0,0.0,0.0
1.1400000000000001,-0.5778969997818699,0.11731454281645066,0.9746254031268309,1.0600349094712411,60.73552644923441,0.5896843599020746,173.43976829431986,168.52474874522133,11.475251254778641,0.5474839167552954,-0.43061735818464764,-0.1420237323285478,0.5388248920678532,-0.4238066990561374,-0.08736092502102628,-0.34343730840286546,0.31060329413640697,0.0,0.0,0.0
1.1500000000000001,-0.5847318474528002,0.11542093364311724,0.9678863580156227,1.069747493871994,61.29201654356215,0.5960145345112094,177.1834556340442,168.8338624368752,11.166137563124835,0.541133689433716,-0.4123801490944595,-0.13900470425438466,0.5440707028121596,-0.41461835018698895,-0.08734947182948315,-0.338727223448226,0.3052051052248004,0.0,0.0,0.0
1.16,-0.5915225434311919,0.11350110955790416,0.961110480203981,1.0793925243266278,61.84463608188781,0.6023133912326553,180.94829868586646,169.13812790843716,10.861872091562873,0.5345467506069141,-0.39507554692291924,-0.1360451027343935,0.5488678572253571,-0.4056600636623792,-0.0873061897054027,-0.3340241832564624,0.2998159697651095,0.0,0.0,0.0
1.17,-0.598270196324781,0.11155551092807271,0.954299467498359,1.0889696328188436,62.39336397843068,0.6085818431640195,184.73426143139628,169.4377296894669,10.562270310533108,0.5276762420122534,-0.37870876137595055,-0.13315319077292606,0.5531495838437643,-0.3969907626582704,-0.0872381895841104,-0.329329890000705,0.29443718763147436,0.0,0.0,0.0
1.18,-0.6049764612066774,0.10958451581095041,0.9474545847190802,1.0984784629168538,62.93817981115363,0.6148213437411513,188.5416649151218,169.73285594615808,10.26714405384189,0.520479414948197,-0.36328271267961665,-0.1303362832205314,0.5568503486418414,-0.3886687915051023,-0.08715258791653929,-0.3246457202257671,0.28907003370721546,0.0,0.0,0.0
1.19,-0.6116435396153668,0.10758843995393078,0.9405766637003369,1.107918669773385,63.479063821763326,0.6210338895462432,192.37120545181642,170.02369722307472,9.976302776925309,0.5129132404977628,-0.3487975851050529,-0.12760092718058796,0.5599014303621345,-0.38075107325686064,-0.08705656240055841,-0.31997273509266927,0.2837157576153812,0.0,0.0,0.0
1.2,-0.6182741795547096,0.10556753679447342,0.9336661032901914,1.1172899201256763,64.0159969157101,0.627222022834739,196.22397255975068,170.31044530366012,9.689554696339883,0.5043391891016232,-0.3350850521364539,-0.12496012298263728,0.5615680357578992,-0.3731081355690271,-0.08696232159802143,-0.31531169078956583,0.2783755834747557,0.0,0.0,0.0
1.21,-0.6248716755436168,0.10352199747435588,0.9267228693676309,1.1265918922955107,64.54896066218977,0.6333888338593976,200.10146669346474,170.5932921745082,9.406707825491821,0.49449763970327987,-0.32198351003334263,-0.12240873913439475,0.5614900895661543,-0.3656044748685322,-0.08687009853764556,-0.3106630491114212,0.2730507096808424,0.0,0.0,0.0
1.22,-0.6314408673493729,0.10145230170342145,0.9197470567799164,1.135824269241315,65.07793689605823,0.6395390046587076,204.00628137604906,170.87241223945608,9.127587760543918,0.48363964851273894,-0.30944302705763327,-0.11993113278244576,0.5598775285303016,-0.3582216589205043,-0.08677269639513763,-0.3060273602057234,0.26774231271489574,0.0,0.0,0.0
1.23,-0.6379868931556805,0.09935919759608944,0.9127395220527149,1.144986719492345,65.60290662544084,0.6456775712268287,207.94135402074906,171.1479447751388,8.852055224861203,0.4719982873799836,-0.29741833491565867,-0.11751303895999717,0.5569406158918117,-0.35094269418840407,-0.08666316441659346,-0.301405675048458,0.26245155809024373,0.0,0.0,0.0
1.24,-0.6445134298676208,0.09724326278997704,0.90570135034885,1.15407892529985,66.12385164467521,0.6518081109021007,211.90879749339524,171.42001024454916,8.57998975545081,0.4597901160794445,-0.285867701109155,-0.11514131627419734,0.5528867963568965,-0.34374918451018327,-0.08653420231438504,-0.29679917869187356,0.2571795841517861,0.0,0.0,0.0
1.25,-0.6510234667266612,0.09510510018777218,0.8986340101900078,1.163100591397066,66.64075503622195,0.657933533353124,215.91037422167147,171.6887073336445,8.311292666355484,0.4472169504039162,-0.27475275454461195,-0.11280388707070764,0.5479227921163505,-0.3366225190609945,-0.08637840748983268,-0.2922092843792803,0.25192749679602666,0.0,0.0,0.0
1.26,-0.6575193053106554,0.09294533795723361,0.8915393534567361,1.1720514449992172,67.15360117066469,0.6640560764756176,219.94747286063287,171.9541155029131,8.045884497086888,0.4344671131186652,-0.2640381104457211,-0.11048964544585008,0.5422548997965058,-0.3295438361133167,-0.08618827209630883,-0.28763762357206324,0.2466963692282037,0.0,0.0,0.0
1.27,-0.664002559533843,0.09076462953119077,0.8844196153884449,1.1809312358035144,67.66237570671,0.6701773026904366,224.02108519673254,172.21629734287293,7.783702657127037,0.4217164158025383,-0.2536910535998979,-0.10818838164178766,0.5360891330337677,-0.3224940075523941,-0.08595618635140649,-0.2830860358771126,0.24148724175229902,0.0,0.0,0.0
1.28,-0.6704741556468506,0.08856365360754387,0.8772774145834068,1.1897397359891564,68.16706559118748,0.6762980956136683,228.13178323565484,172.47530075058327,7.524699249416699,0.4091289241492959,-0.24368127086828736,-0.10589071971947962,0.5296312224934375,-0.31545364253354424,-0.08567444762728477,-0.2785565588924658,0.23630112159302907,0.0,0.0,0.0
1.29,-0.6769343322366906,0.08634311414926389,0.8701157529987559,1.1984767402173286,68.6676590590497,0.6824186570733006,232.27969643577882,172.73116094153215,7.268839058467847,0.3968575515503647,-0.23398062518868262,-0.1035880658695554,0.5230864843676211,-0.308403108777819,-0.08533527487770173,-0.2740514179926347,0.23113898274890773,0.0,0.0,0.0
1.3,-0.683382640226762,0.08410374038439257,0.8629380159504889,1.2071420656312046,69.16414563337226,0.688538504449784,236.46448906563458,172.98390230904974,7.016097690950232,0.3850445192092601,-0.22456296439139806,-0.10127256511548675,0.5166595677980318,-0.3013225700866287,-0.08493082798227224,-0.26957301607878176,0.2260017658754468,0.0,0.0,0.0
1.31,-0.6898179428768497,0.08184628680604239,0.8557479721134644,1.215735551855945,69.65651612535368,0.6946564683199787,240.68533768024318,173.23354014161956,6.766459858380472,0.3738217154007337,-0.21540395907162688,-0.09893706450099696,0.5105540912315826,-0.2941920387198662,-0.08445323160480016,-0.265123923322584,0.220890378197548,0.0,0.0,0.0
1.32,-0.6962385499717711,0.07957152829184566,0.8485497553178996,1.2242570625850904,70.14476272520916,0.7007708231522589,244.94100153979116,173.4800838492888,6.519916150711197,0.36331091378338387,-0.20648090548226716,-0.09657506521073567,0.5049722744800438,-0.2869914679751304,-0.0838946211209203,-0.2607068558129502,0.21580569250207238,0.0,0.0,0.0
1.33,-0.7026445301735604,0.0772801820801075,0.841347483855279,1.232706542073275,70.62888223896451,0.7068815758846443,249.23141949732354,173.72356489967416,6.276435100325841,0.35362302393861145,-0.1977716683735734,-0.09418042789019797,0.5001162026822996,-0.2797012894791178,-0.08324747466743118,-0.256324435195763,0.21074851322872729,0.0,0.0,0.0
1.34,-0.70903091859751,0.07497316744931148,0.8341460531774011,1.2410839884500198,71.10887455944913,0.7129837441096475,253.55298195559052,173.96395472531623,6.036045274683772,0.34486169754437174,-0.1892575645459387,-0.09174816116276818,0.4961823189652083,-0.2723012092290388,-0.08250375384301457,-0.251979665101194,0.20571959200127554,0.0,0.0,0.0
1.35,-0.7153913389267925,0.07265146420449939,0.8269507660997484,1.2493894405068469,71.58474190925358,0.7190709304808022,257.9009431990286,174.20121588483298,5.798784115166995,0.3371210130226335,-0.1809214362377686,-0.08927394964278061,0.49336274762088617,-0.26477108645787617,-0.08165547271109631,-0.24767569081308138,0.2007196353812301,0.0,0.0,0.0
1.36,-0.7217202030927037,0.07031603054177718,0.8197670591955709,1.2576229926191218,72.05648969568796,0.7251375012391275,262.2709550011026,174.43532780524788,5.56467219475212,0.3304847842276356,-0.17274672706962133,-0.08675387685005034,0.49184613956517315,-0.2570914453150396,-0.08069501505328609,-0.24341562735631922,0.19574929579338193,0.0,0.0,0.0
1.37,-0.7280127112746616,0.06796780304831496,0.8126005027958866,1.265784794746052,72.52412651078197,0.7311785896952251,266.65909332677916,174.66628458446294,5.333715415537085,0.32502717134873993,-0.16471755400357202,-0.08418440940172714,0.49181714766913953,-0.24924352399496186,-0.07961514405541915,-0.23920255639855395,0.190809171390057,0.0,0.0,0.0
1.3800000000000001,-0.7342648519002074,0.0656076967023469,0.8054568009894806,1.2738750524306879,72.98766413128487,0.7371900993655711,271.06188494995644,174.89409295280126,5.105907047198741,0.32081333288601216,-0.15681875645074325,-0.08156237810126739,0.49345603355462014,-0.24120930651172995,-0.07840900661583844,-0.23503952338550183,0.18589980596220562,0.0,0.0,0.0
1.3900000000000001,-0.7404734016450051,0.06323660487317136,0.7983417916229064,1.281894026799922,73.44711751866556,0.7431687067817176,275.47633385304636,175.11877038702985,4.8812296129701735,0.31772567273901325,-0.14904512930245126,-0.07888460157659517,0.49666573939449915,-0.2329859237058156,-0.07706978521582757,-0.230929534928564,0.18102168889517953,0.0,0.0,0.0
1.4000000000000001,-0.7466359254328412,0.060855399321150805,0.7912614463004847,1.28984203456449,73.90250481911254,0.7491118639919487,279.8999472976147,175.34034336923673,4.659656630763266,0.3148682654834976,-0.14143629186789383,-0.0761498547702832,0.500102826134457,-0.2246421663755084,-0.07559264015116947,-0.22687555646385874,0.1761752551670543,0.0,0.0,0.0
1.41,-0.7527507764356252,0.058464930197711866,0.7842218703843042,1.2977194480189698,74.35384736353379,0.7550178007752266,284.330761476695,175.55884578227534,4.441154217724659,0.31211012419689915,-0.13399651039411403,-0.07336313150952276,0.503569368895118,-0.21619464715198916,-0.07397914824431014,-0.222880510202244,0.17136088538737088,0.0,0.0,0.0
1.42,-0.7588170960733893,0.05606602604534518,0.777229302994221,1.3055266950417823,74.80116966755702,0.7608855265871264,288.76736668110146,175.7743174331327,4.225682566867306,0.3094548311895498,-0.1267230239516906,-0.07052965434028087,0.5070759115972127,-0.20764966778398422,-0.07223164167399894,-0.21894727339034722,0.16657890587417953,0.0,0.0,0.0
1.43,-0.7648348118998686,0.05365949345724343,0.7702901131248194,1.313264259127447,75.24449943337761,0.7667148301239486,293.20893030231997,175.98680270979,4.013197290209973,0.30690544994244273,-0.11961289884426816,-0.06765430254069059,0.5106336073086021,-0.19901362464870614,-0.07035261300096504,-0.21507867474792475,0.16182958874748568,0.0,0.0,0.0
1.44,-0.770804012903633,0.051246037956963066,0.7634098477810508,1.3209326938605614,75.6838683790566,0.7725056522218012,297.65473646089475,176.19635211836695,3.8036478816330828,0.3044645447397429,-0.112662988813991,-0.0647415936926071,0.5142533433067404,-0.1902924976504235,-0.06834453629873641,-0.21127696989831468,0.1571131431654958,0.0,0.0,0.0
1.45,-0.7767245032617212,0.048826285817211344,0.7565933006466048,1.3285326317074182,76.11931274224324,0.7782576438133271,302.1038472680281,176.40301820788432,3.5969817921156846,0.3021342663748373,-0.1058700814916111,-0.06179574353284483,0.5179452322323318,-0.18149184004371913,-0.06620982435872622,-0.2075439014436349,0.15242970999593233,0.0,0.0,0.0
1.46,-0.782596210818723,0.04640085824881654,0.7498453938669019,1.3360647488154584,76.55087126333223,0.7839705790615168,306.5554176819819,176.60685225388642,3.393147746113584,0.2999164205435487,-0.09923101281546945,-0.05882072354152268,0.5217192247546314,-0.1726171810929117,-0.06395094637943835,-0.20388119610789218,0.1477793836532832,0.0,0.0,0.0
1.47,-0.7884190436680294,0.043970340993833186,0.7431708547335211,1.3435297616866622,76.97858499486303,0.7896442105819076,311.00858508699895,176.80790578860524,3.1920942113947604,0.29781247735738064,-0.09274261961116605,-0.05582025175019273,0.5255848850150789,-0.1636738644964094,-0.06157037319668633,-0.20029039077011504,0.14316221447744917,0.0,0.0,0.0
1.48,-0.7941928901518325,0.041535284325542085,0.7365742156842006,1.3509284271775492,77.40249730151994,0.7952782699230027,315.46246915715915,177.0062306403669,2.99376935963312,0.29582359784655027,-0.08640174212745821,-0.05279780295151204,0.5295513911996786,-0.1546670484665155,-0.05907057070664009,-0.1967728395724139,0.13857820908818713,0.0,0.0,0.0
1.49,-0.7999176188611254,0.03909620304845033,0.7300598143028372,1.3582615424991789,77.82265386013205,0.800872468035491,319.91617174071445,177.20187897021086,2.798121029789172,0.29395065940438175,-0.08020522652287335,-0.04975661848386002,0.5336275379069068,-0.14560170622984714,-0.05645399356714226,-0.19332972102818566,0.1340273307537956,0.0,0.0,0.0
1.5,-0.8055930786357027,0.036653576498291235,0.7236317933194866,1.3655299452171499,78.23910265967321,0.8064264957303087,324.3687767642999,177.39490330598588,2.6050966940141507,0.2921942802182806,-0.07414992729783651,-0.046699715613404656,0.5378217402540697,-0.1364826269331613,-0.053723079174001785,-0.18996204510832781,0.12950949977278498,0.0,0.0,0.0
1.51,-0.81121909856416,0.03420784854202441,0.7172941006103632,1.372734513251601,78.65189400126211,0.8119400241256262,328.8193501564745,177.58535657416795,2.4146434258320824,0.29055484272995874,-0.06823270966794372,-0.04362989653397492,0.542142039664738,-0.12731441693990636,-0.05088024190856945,-0.1866706602842792,0.1250245938673252,0.0,0.0,0.0
1.52,-0.816795487983894,0.03175942757783576,0.7110504891978408,1.3798761648772093,79.06108049816221,0.8174127050828849,333.2669397900992,177.773292129627,2.226707870372991,0.28903251616549036,-0.06245045187487729,-0.040549757003245084,0.5465961112800016,-0.11810150150352687,-0.04792786765259703,-0.18345626050765582,0.12057244858731646,0.0,0.0,0.0
1.53,-0.8223220364811027,0.029308686535137404,0.7049045172504511,1.3869558587231927,79.4667170757818,0.822844171632055,337.71057544312447,177.95876378355442,2.0412362164455544,0.28762727817403877,-0.056800047432225304,-0.03746169463208489,0.5511912729367323,-0.10884812680420125,-0.04486830856610352,-0.18031939210720063,0.11615285772397665,0.0,0.0,0.0
1.54,-0.8277985130235466,0.026855963525798367,0.6988595576533172,1.3939745918525877,79.86886086162478,0.8282340375406542,342.14926807870944,178.14182578277473,1.8581742172252689,0.2863389359303811,-0.051278408713935124,-0.03436791764208261,0.5559344951383424,-0.09955836487012107,-0.04170387900886262,-0.17726046540692625,0.11176557493327,0.0,0.0,0.0
